Threads,Time
1,0.000472
2,0.000431
5,0.001170
10,0.002123