Threads,Time
1,0.000355
2,0.000598
4,0.000686
5,0.001316
10,0.001032
20,0.001370
25,0.000963
50,0.002874
100,0.005996