Threads,Time
1,0.000427
2,0.000613
5,0.001283
10,0.001606