Threads,Time
1,0.000428
2,0.000588
4,0.000942
5,0.001430
10,0.000805
20,0.002251
25,0.003013
50,0.003963
100,0.006988